gamified_label,variant,coop_prob_stats_mean,coop_prob_stats_sd,coop_prob_stats_n,coop_prob_stats_ci_low,coop_prob_stats_ci_high,coop_streak_stats_mean,coop_streak_stats_sd,coop_streak_stats_n,coop_streak_stats_ci_low,coop_streak_stats_ci_high,relative_payoff_stats_mean,relative_payoff_stats_sd,relative_payoff_stats_n,relative_payoff_stats_ci_low,relative_payoff_stats_ci_high,file
gamified,default,0.0518737751763962,0.11687535721905698,15200,0.05001572589515859,0.05373182445763381,0.01,0.0995020168571573,15200,0.008418146859165376,0.011581853140834625,1.850986842105263,2.4515501982867787,15200,1.8120128343055937,1.8899608499049325,fixed_gemma_12B_IPD.csv
gamified,game-theorist,0.0518737751763962,0.11687535721905698,15200,0.05001572589515859,0.05373182445763381,0.01,0.0995020168571573,15200,0.008418146859165376,0.011581853140834625,1.850986842105263,2.4515501982867787,15200,1.8120128343055937,1.8899608499049325,fixed_gemma_12B_IPD.csv
not gamified,default,0.5598201779005701,0.4602106648432296,15200,0.5525038871496708,0.5671364686514695,25.28671052631579,32.44250281521874,15200,24.770949372966882,25.8024716796647,0.5328947368421053,1.7001633665128635,15200,0.5058660509300279,0.5599234227541827,fixed_gemma_12B_IPD.csv
not gamified,game-theorist,0.5538508304963504,0.4650462434558554,15200,0.5464576651708671,0.5612439958218337,25.284868421052632,32.44449223878323,15200,24.769075640446175,25.80066120165909,0.5555921052631579,1.6914235203819237,15200,0.5287023627965434,0.5824818477297725,fixed_gemma_12B_IPD.csv
gamified,default,1,0,29200,1,1,50.5,28.866564342439446,29200,50.1688995709875,50.8311004290125,-1.8690068493150684,2.419100670991882,29200,-1.8967540124512188,-1.841259686178918,fixed_gemma_1B_IPD.csv
gamified,game-theorist,1,0,29200,1,1,50.5,28.866564342439446,29200,50.1688995709875,50.8311004290125,-1.8690068493150684,2.419100670991882,29200,-1.8967540124512188,-1.841259686178918,fixed_gemma_1B_IPD.csv
not gamified,default,1,0,29200,1,1,50.5,28.866564342439446,29200,50.1688995709875,50.8311004290125,-1.8690068493150684,2.419100670991882,29200,-1.8967540124512188,-1.841259686178918,fixed_gemma_1B_IPD.csv
not gamified,game-theorist,1,0,28900,1,1,50.5,28.86656947365964,28900,50.16718543430369,50.83281456569631,-1.8619377162629758,2.417246099330069,28900,-1.8898071418787812,-1.8340682906471704,fixed_gemma_1B_IPD.csv
gamified,default,0.5379049419014792,0.47439453159411,8000,0.5275093133776529,0.5483005704253054,25.26625,32.458505129733055,8000,24.554971645602535,25.977528354397464,0.566875,1.6623396632516179,8000,0.5304473760104977,0.6033026239895023,fixed_gemma_27B_IPD.csv
gamified,game-theorist,0.13405443304482914,0.20456534911467195,7700,0.12948520556350923,0.13862366052614905,0.08753246753246753,0.5435929782486012,7700,0.07539062637698561,0.09967430868794945,1.8097402597402596,2.452464545274134,7700,1.754961342168312,1.8645191773122074,fixed_gemma_27B_IPD.csv
not gamified,default,0.5379049419014792,0.47439453159411,8000,0.5275093133776529,0.5483005704253054,25.26625,32.458505129733055,8000,24.554971645602535,25.977528354397464,0.566875,1.6623396632516179,8000,0.5304473760104977,0.6033026239895023,fixed_gemma_27B_IPD.csv
not gamified,game-theorist,0.5370573659153907,0.47490249001176493,7600,0.5263802557956161,0.5477344760351652,25.265657894736844,32.459055639786925,7600,24.535889323842827,25.99542646563086,0.5684210526315789,1.664141568647018,7600,0.531006587226484,0.6058355180366739,fixed_gemma_27B_IPD.csv
gamified,default,0.6227310458710342,0.438319360559963,26000,0.6174030969669023,0.6280589947751661,26.09619230769231,32.24253521485814,26000,25.70427126650221,26.488113348882408,0.3855769230769231,1.7657283215395556,26000,0.36411378199247996,0.40704006416136623,fixed_gemma_4B_IPD.csv
gamified,game-theorist,0.7304656708767934,0.3961446636477998,26000,0.7256503724517738,0.735280969301813,32.62842307692308,33.106546667701664,26000,32.2259996274719,33.030846526374255,-0.2644230769230769,1.811399506908396,26000,-0.2864413697163687,-0.24240478412978514,fixed_gemma_4B_IPD.csv
not gamified,default,0.7181749750098742,0.41233327361714195,26000,0.7131628974906448,0.7231870525291035,31.365423076923076,32.673555925127296,26000,30.96826280487171,31.76258334897444,-0.1548076923076923,1.8198183634779175,26000,-0.17692831970371833,-0.1326870649116663,fixed_gemma_4B_IPD.csv
not gamified,game-theorist,0.6417427292848848,0.4622023542088088,25700,0.6360917767052475,0.6473936818645222,30.996770428015566,33.35197453955039,25700,30.589004381728564,31.404536474302567,0.03424124513618678,1.7881262620898617,25700,0.012379355811172773,0.056103134461200785,fixed_gemma_4B_IPD.csv
gamified,default,0,0,40000,0,0,0,0,40000,0,0,1.896125,2.4260012616295223,40000,1.8723501876360307,1.9198998123639694,fixed_olmo_13B_IPD.csv
gamified,game-theorist,0,0,40000,0,0,0,0,40000,0,0,1.896125,2.4260012616295223,40000,1.8723501876360307,1.9198998123639694,fixed_olmo_13B_IPD.csv
not gamified,default,0.7238065828664734,0.3657143453883919,40000,0.7202225822816671,0.7273905834512796,27.518425,31.878191071577834,40000,27.206018727498538,27.830831272501463,-0.148375,2.016174963492029,40000,-0.1681335146422219,-0.12861648535777812,fixed_olmo_13B_IPD.csv
not gamified,game-theorist,0.5944754323496305,0.43766560352339423,40000,0.5901863094351013,0.5987645552641597,25.35565,32.399513982313955,40000,25.038134762973325,25.673165237026677,0.49775,1.760631259821552,40000,0.4804958136537488,0.5150041863462512,fixed_olmo_13B_IPD.csv
gamified,default,1,0,40000,1,1,50.5,28.866430880363342,40000,50.21710897737244,50.78289102262756,-1.866375,2.418401450548357,40000,-1.8900753342153738,-1.842674665784626,fixed_olmo_1B_IPD.csv
gamified,game-theorist,1,0,40000,1,1,50.5,28.866430880363342,40000,50.21710897737244,50.78289102262756,-1.866375,2.418401450548357,40000,-1.8900753342153738,-1.842674665784626,fixed_olmo_1B_IPD.csv
not gamified,default,1,0,40000,1,1,50.5,28.866430880363342,40000,50.21710897737244,50.78289102262756,-1.866375,2.418401450548357,40000,-1.8900753342153738,-1.842674665784626,fixed_olmo_1B_IPD.csv
not gamified,game-theorist,1,0,40000,1,1,50.5,28.866430880363342,40000,50.21710897737244,50.78289102262756,-1.866375,2.418401450548357,40000,-1.8900753342153738,-1.842674665784626,fixed_olmo_1B_IPD.csv
gamified,default,0.6028556400746926,0.44270725724685894,40000,0.5985171089536734,0.6071941711957118,25.509425,32.32285306621514,40000,25.19266103995109,25.82618896004891,0.458625,1.752958907390095,40000,0.44144600270757706,0.47580399729242295,fixed_olmo_32B_IPD.csv
gamified,game-theorist,0.5889861476817929,0.4478919591345727,40000,0.5845968064822741,0.5933754888813118,25.423675,32.369956284278814,40000,25.106449428414066,25.740900571585932,0.4965,1.7384801718261547,40000,0.47946289431610367,0.5135371056838963,fixed_olmo_32B_IPD.csv
not gamified,default,0.5683255499091175,0.4549436911305483,40000,0.5638671017360382,0.5727839980821969,25.29565,32.43619573481674,40000,24.977775281798795,25.6135247182012,0.548875,1.7293599976653324,40000,0.5319272720228797,0.5658227279771203,fixed_olmo_32B_IPD.csv
not gamified,game-theorist,0.5394117476379225,0.47322222414810017,40000,0.5347741698412711,0.544049325434574,25.265875,32.45699650152371,40000,24.94779643428507,25.583953565714932,0.58975,1.6947763109533378,40000,0.5731411921526572,0.6063588078473428,fixed_olmo_32B_IPD.csv
gamified,default,1,0,40000,1,1,50.5,28.866430880363342,40000,50.21710897737244,50.78289102262756,-1.866375,2.418401450548357,40000,-1.8900753342153738,-1.842674665784626,fixed_olmo_7B_IPD.csv
gamified,game-theorist,0.8964740650685206,0.08637979508533528,40000,0.8956275430766842,0.8973205870603569,15.7403,22.458579999754885,40000,15.520205916002402,15.960394083997597,-1.27325,3.1896847477015253,40000,-1.304508910527475,-1.241991089472525,fixed_olmo_7B_IPD.csv
not gamified,default,1,0,40000,1,1,50.5,28.866430880363342,40000,50.21710897737244,50.78289102262756,-1.866375,2.418401450548357,40000,-1.8900753342153738,-1.842674665784626,fixed_olmo_7B_IPD.csv
not gamified,game-theorist,1,0,40000,1,1,50.5,28.866430880363342,40000,50.21710897737244,50.78289102262756,-1.866375,2.418401450548357,40000,-1.8900753342153738,-1.842674665784626,fixed_olmo_7B_IPD.csv
gamified,default,0.8542099967395247,0.10146379797860901,40000,0.8532156515193343,0.8552043419597151,14.33015,14.279073789157577,40000,14.190215076866256,14.470084923133744,-1.614625,2.7347391245467976,40000,-1.6414254434205586,-1.5878245565794413,fixed_qwen_0.5B_IPD.csv
gamified,game-theorist,0.19182787229123993,0.15723753920728886,40000,0.1902869444070085,0.19336880017547137,0.13765,0.5958702493276963,40000,0.13181047155658857,0.14348952844341142,1.593,2.830203393977415,40000,1.5652640067390213,1.6207359932609786,fixed_qwen_0.5B_IPD.csv
not gamified,default,0.3005621688545808,0.09573530732176909,40000,0.2996239628428275,0.30150037486633413,0.45225,0.7790604025861999,40000,0.4446152080546552,0.45988479194534476,0.70975,3.3363952442464977,40000,0.6770533266063843,0.7424466733936157,fixed_qwen_0.5B_IPD.csv
not gamified,game-theorist,2.791821516036333e-5,6.093150451280078e-4,40000,2.1946927718108856e-5,3.388950260261781e-5,4.9999999999999996e-5,0.0070709794207556,40000,-1.9295598323404884e-5,1.1929559832340488e-4,1.895875,2.4261966418921257,40000,1.872098272909457,1.9196517270905429,fixed_qwen_0.5B_IPD.csv
gamified,default,0.6604726838949148,0.40159602721095666,40000,0.6565370428282474,0.6644083249615821,26.14895,31.977971772213234,40000,25.83556587663231,26.46233412336769,0.098625,1.8085850502180136,40000,0.08090086650786348,0.11634913349213653,fixed_qwen_14B_IPD.csv
gamified,game-theorist,0.6183534795589632,0.4273291511706277,40000,0.6141656538774911,0.6225413052404354,25.48575,32.33399115655385,40000,25.16887688666577,25.802623113334228,0.450375,1.787908631560033,40000,0.4328534954107117,0.46789650458928833,fixed_qwen_14B_IPD.csv
not gamified,default,1,0,40000,1,1,50.5,28.866430880363342,40000,50.21710897737244,50.78289102262756,-1.866375,2.418401450548357,40000,-1.8900753342153738,-1.842674665784626,fixed_qwen_14B_IPD.csv
not gamified,game-theorist,0.9994071555347216,0.0069922516143420994,40000,0.999338631468901,0.9994756796005422,50.365725,28.868970464163883,40000,50.08280908945119,50.64864091054881,-1.86525,2.4193984324040905,40000,-1.8889601046375601,-1.84153989536244,fixed_qwen_14B_IPD.csv
gamified,default,0.5480530919953509,0.4704859571893159,27300,0.5424719713168608,0.553634212673841,25.376959706959706,32.4687282212673,27300,24.991800728862778,25.762118685056635,0.5712454212454212,1.692682947744159,27300,0.5511660380939677,0.5913248043968747,fixed_qwen_32B_IPD.csv
gamified,game-theorist,0.5493748451925619,0.4701498993735018,27100,0.5437771689860289,0.5549725213990948,25.384723247232472,32.46444823353505,27100,24.998196589081022,25.77124990538392,0.5640221402214022,1.6889785362059124,27100,0.5439129048944074,0.584131375548397,fixed_qwen_32B_IPD.csv
not gamified,default,0.5736161953398309,0.45239110311566827,27200,0.5682398683510341,0.5789925223286276,25.34720588235294,32.40681391065031,27200,24.96207534585741,25.732336418848472,0.5058823529411764,1.750442411222387,27200,0.485079665370676,0.5266850405116769,fixed_qwen_32B_IPD.csv
not gamified,game-theorist,0.5569954217125868,0.46695271177096503,26800,0.5514047810854893,0.5625860623396842,25.344626865671643,32.413566849083736,26800,24.956552015418907,25.732701715924378,0.5492537313432836,1.7040107289707531,26800,0.5288522830376007,0.5696551796489665,fixed_qwen_32B_IPD.csv
gamified,default,0.538920786506234,0.47404161109532456,40000,0.5342751787174999,0.5435663942949681,25.27275,32.45380776855725,40000,24.95470268386814,25.59079731613186,0.589375,1.6980383366490341,40000,0.5727342243008394,0.6060157756991605,fixed_qwen_7B_IPD.csv
gamified,game-theorist,0.018721727519154463,0.020469487977895672,40000,0.018521126536971085,0.01892232850133784,0.0428,0.22642756399352842,40000,0.04058100987286342,0.045018990127136574,1.770375,2.686601534479969,40000,1.7440463049620962,1.7967036950379038,fixed_qwen_7B_IPD.csv
not gamified,default,0.7573957551481646,0.29946925016503473,40000,0.7544609564965472,0.760330553799782,26.348275,31.79616965036018,40000,26.036672537426472,26.65987746257353,-0.5365,2.0672504899297284,40000,-0.5567590548013113,-0.5162409451986887,fixed_qwen_7B_IPD.csv
not gamified,game-theorist,0.6938816068268674,0.35565803207391145,40000,0.6903961581125431,0.6973670555411917,25.947675,32.03937499598156,40000,25.633689125039382,26.26166087496062,-0.121125,1.893024913454145,40000,-0.1396766441518506,-0.10257335584814938,fixed_qwen_7B_IPD.csv
