Comparison,Z,P.unadj,P.adj,outcome,model_family
large - large-medium,-155.67522515722786,0,0,coop_prob,Qwen
large - small,162.61149653116033,0,0,coop_prob,Qwen
large-medium - small,354.1442035477529,0,0,coop_prob,Qwen
large - small-medium,45.01008798290014,0,0,coop_prob,Qwen
large-medium - small-medium,223.29407902640403,0,0,coop_prob,Qwen
small - small-medium,-130.85012452134887,0,0,coop_prob,Qwen
large - large-medium,-134.96932468937564,0,0,coop_streak,Qwen
large - small,155.1208569331231,0,0,coop_streak,Qwen
large-medium - small,322.7711033082369,0,0,coop_streak,Qwen
large - small-medium,39.58387831265848,0,0,coop_streak,Qwen
large-medium - small-medium,194.21798284876365,0,0,coop_streak,Qwen
small - small-medium,-128.5531204594732,0,0,coop_streak,Qwen
large - large-medium,131.36659405795672,0,0,relative_payoff,Qwen
large - small,-12.603711877679904,2.014367201706651e-36,1.2086203210239905e-35,relative_payoff,Qwen
large-medium - small,-160.18968387886238,0,0,relative_payoff,Qwen
large - small-medium,11.165022580581946,6.04758314513479e-29,3.628549887080874e-28,relative_payoff,Qwen
large-medium - small-medium,-133.74321608590114,0,0,relative_payoff,Qwen
small - small-medium,26.44646779296123,4.006573189307344e-154,2.4039439135844063e-153,relative_payoff,Qwen
