pair,delta,outcome,model_family
large-medium vs small,NA,coop_prob,GEMMA
large-medium vs large,-0.21494191661762233,coop_prob,GEMMA
large-medium vs small-medium,NA,coop_prob,GEMMA
small vs large,NA,coop_prob,GEMMA
small vs small-medium,NA,coop_prob,GEMMA
large vs small-medium,NA,coop_prob,GEMMA
large-medium vs small,NA,coop_streak,GEMMA
large-medium vs large,-0.129513732238944,coop_streak,GEMMA
large-medium vs small-medium,NA,coop_streak,GEMMA
small vs large,NA,coop_streak,GEMMA
small vs small-medium,NA,coop_streak,GEMMA
large vs small-medium,NA,coop_streak,GEMMA
large-medium vs small,NA,relative_payoff,GEMMA
large-medium vs large,0.06483899182360854,relative_payoff,GEMMA
large-medium vs small-medium,NA,relative_payoff,GEMMA
small vs large,NA,relative_payoff,GEMMA
small vs small-medium,NA,relative_payoff,GEMMA
large vs small-medium,NA,relative_payoff,GEMMA
large-medium vs small,NA,coop_prob,OLMo
large-medium vs large,NA,coop_prob,OLMo
large-medium vs small-medium,NA,coop_prob,OLMo
small vs large,NA,coop_prob,OLMo
small vs small-medium,NA,coop_prob,OLMo
large vs small-medium,NA,coop_prob,OLMo
large-medium vs small,NA,coop_streak,OLMo
large-medium vs large,NA,coop_streak,OLMo
large-medium vs small-medium,NA,coop_streak,OLMo
small vs large,NA,coop_streak,OLMo
small vs small-medium,NA,coop_streak,OLMo
large vs small-medium,NA,coop_streak,OLMo
large-medium vs small,NA,relative_payoff,OLMo
large-medium vs large,NA,relative_payoff,OLMo
large-medium vs small-medium,NA,relative_payoff,OLMo
small vs large,NA,relative_payoff,OLMo
small vs small-medium,NA,relative_payoff,OLMo
large vs small-medium,NA,relative_payoff,OLMo
large-medium vs large,NA,coop_prob,Qwen
large-medium vs small-medium,NA,coop_prob,Qwen
large vs small-medium,NA,coop_prob,Qwen
large-medium vs large,NA,coop_streak,Qwen
large-medium vs small-medium,NA,coop_streak,Qwen
large vs small-medium,NA,coop_streak,Qwen
large-medium vs large,NA,relative_payoff,Qwen
large-medium vs small-medium,NA,relative_payoff,Qwen
large vs small-medium,NA,relative_payoff,Qwen
