size_category,median,ci_low,ci_high,outcome,eta2,kw_p,model_family
large,1,NA,NA,coop_prob,0.21868612737627505,0,Qwen
large-medium,1,NA,NA,coop_prob,0.21868612737627505,0,Qwen
small,0.24,0.238095238,0.242105263,coop_prob,0.21868612737627505,0,Qwen
small-medium,0.42105263157894735,0.4,0.4318181818181818,coop_prob,0.21868612737627505,0,Qwen
large,2,2,3,coop_streak,0.18041938111317452,0,Qwen
large-medium,34,34,34,coop_streak,0.18041938111317452,0,Qwen
small,0,0,0,coop_streak,0.18041938111317452,0,Qwen
small-medium,0,0,0,coop_streak,0.18041938111317452,0,Qwen
large,0,0,0,relative_payoff,0.054490638985926564,0,Qwen
large-medium,0,0,0,relative_payoff,0.054490638985926564,0,Qwen
small,0,0,0,relative_payoff,0.054490638985926564,0,Qwen
small-medium,0,0,0,relative_payoff,0.054490638985926564,0,Qwen
