size_category,median,ci_low,ci_high,outcome,eta2,kw_p
large,0.9294019933554818,0.857275659117113,0.9994960531651271,coop_prob,0.05236231838916804,0
large-medium,0.49038105808361077,0.46290791478956234,0.5,coop_prob,0.05236231838916804,0
small,1,NA,NA,coop_prob,0.05236231838916804,0
small-medium,1,NA,NA,coop_prob,0.05236231838916804,0
large,1,1,1,coop_streak,0.040691628978564556,0
large-medium,0,0,0,coop_streak,0.040691628978564556,0
small,27,NA,NA,coop_streak,0.040691628978564556,0
small-medium,18,NA,NA,coop_streak,0.040691628978564556,0
large,0,0,0,relative_payoff,0.06107165870355362,0
large-medium,0,0,0,relative_payoff,0.06107165870355362,0
small,0,0,0,relative_payoff,0.06107165870355362,0
small-medium,0,0,0,relative_payoff,0.06107165870355362,0
