model,metric,variant,heuristic,not_gamified,mean,std,count,se,ci95
OLMo2 1B,coop_prob,default,AlwaysCooperate,False,1.0,0.0,10000,0.0,0.0
OLMo2 1B,coop_prob,default,AlwaysCooperate,True,1.0,0.0,10000,0.0,0.0
OLMo2 1B,coop_prob,default,AlwaysDefect,False,1.0,0.0,10000,0.0,0.0
OLMo2 1B,coop_prob,default,AlwaysDefect,True,1.0,0.0,10000,0.0,0.0
OLMo2 1B,coop_prob,default,Tit4Tat,False,1.0,0.0,10000,0.0,0.0
OLMo2 1B,coop_prob,default,Tit4Tat,True,1.0,0.0,10000,0.0,0.0
OLMo2 1B,coop_prob,game-theorist,AlwaysCooperate,False,1.0,0.0,10000,0.0,0.0
OLMo2 1B,coop_prob,game-theorist,AlwaysCooperate,True,1.0,0.0,10000,0.0,0.0
OLMo2 1B,coop_prob,game-theorist,AlwaysDefect,False,1.0,0.0,10000,0.0,0.0
OLMo2 1B,coop_prob,game-theorist,AlwaysDefect,True,1.0,0.0,10000,0.0,0.0
OLMo2 1B,coop_prob,game-theorist,Tit4Tat,False,1.0,0.0,10000,0.0,0.0
OLMo2 1B,coop_prob,game-theorist,Tit4Tat,True,1.0,0.0,10000,0.0,0.0
OLMo2 1B,model_payoff,default,AlwaysCooperate,False,3.0,0.0,10000,0.0,0.0
OLMo2 1B,model_payoff,default,AlwaysCooperate,True,3.0,0.0,10000,0.0,0.0
OLMo2 1B,model_payoff,default,AlwaysDefect,False,0.0,0.0,10000,0.0,0.0
OLMo2 1B,model_payoff,default,AlwaysDefect,True,0.0,0.0,10000,0.0,0.0
OLMo2 1B,model_payoff,default,Tit4Tat,False,3.0,0.0,10000,0.0,0.0
OLMo2 1B,model_payoff,default,Tit4Tat,True,3.0,0.0,10000,0.0,0.0
OLMo2 1B,model_payoff,game-theorist,AlwaysCooperate,False,3.0,0.0,10000,0.0,0.0
OLMo2 1B,model_payoff,game-theorist,AlwaysCooperate,True,3.0,0.0,10000,0.0,0.0
OLMo2 1B,model_payoff,game-theorist,AlwaysDefect,False,0.0,0.0,10000,0.0,0.0
OLMo2 1B,model_payoff,game-theorist,AlwaysDefect,True,0.0,0.0,10000,0.0,0.0
OLMo2 1B,model_payoff,game-theorist,Tit4Tat,False,3.0,0.0,10000,0.0,0.0
OLMo2 1B,model_payoff,game-theorist,Tit4Tat,True,3.0,0.0,10000,0.0,0.0
OLMo2 7B,coop_prob,default,AlwaysCooperate,False,1.0,0.0,10000,0.0,0.0
OLMo2 7B,coop_prob,default,AlwaysCooperate,True,1.0,0.0,10000,0.0,0.0
OLMo2 7B,coop_prob,default,AlwaysDefect,False,1.0,0.0,10000,0.0,0.0
OLMo2 7B,coop_prob,default,AlwaysDefect,True,1.0,0.0,10000,0.0,0.0
OLMo2 7B,coop_prob,default,Tit4Tat,False,1.0,0.0,10000,0.0,0.0
OLMo2 7B,coop_prob,default,Tit4Tat,True,1.0,0.0,10000,0.0,0.0
OLMo2 7B,coop_prob,game-theorist,AlwaysCooperate,False,0.8806467171262904,0.06785519110438817,10000,0.0006785519110438817,0.0013299617456460082
OLMo2 7B,coop_prob,game-theorist,AlwaysCooperate,True,1.0,0.0,10000,0.0,0.0
OLMo2 7B,coop_prob,game-theorist,AlwaysDefect,False,0.9986624699704701,0.004961352211348645,10000,4.9613522113486445e-05,9.724250334243344e-05
OLMo2 7B,coop_prob,game-theorist,AlwaysDefect,True,1.0,0.0,10000,0.0,0.0
OLMo2 7B,coop_prob,game-theorist,Tit4Tat,False,0.8389731683087231,0.06605986467279043,10000,0.0006605986467279043,0.0012947733475866924
OLMo2 7B,coop_prob,game-theorist,Tit4Tat,True,1.0,0.0,10000,0.0,0.0
OLMo2 7B,model_payoff,default,AlwaysCooperate,False,3.0,0.0,10000,0.0,0.0
OLMo2 7B,model_payoff,default,AlwaysCooperate,True,3.0,0.0,10000,0.0,0.0
OLMo2 7B,model_payoff,default,AlwaysDefect,False,0.0,0.0,10000,0.0,0.0
OLMo2 7B,model_payoff,default,AlwaysDefect,True,0.0,0.0,10000,0.0,0.0
OLMo2 7B,model_payoff,default,Tit4Tat,False,3.0,0.0,10000,0.0,0.0
OLMo2 7B,model_payoff,default,Tit4Tat,True,3.0,0.0,10000,0.0,0.0
OLMo2 7B,model_payoff,game-theorist,AlwaysCooperate,False,3.5,0.8660687083024937,10000,0.008660687083024938,0.016974946682728878
OLMo2 7B,model_payoff,game-theorist,AlwaysCooperate,True,3.0,0.0,10000,0.0,0.0
OLMo2 7B,model_payoff,game-theorist,AlwaysDefect,False,0.02,0.14000700052504386,10000,0.0014000700052504385,0.0027441372102908596
OLMo2 7B,model_payoff,game-theorist,AlwaysDefect,True,0.0,0.0,10000,0.0,0.0
OLMo2 7B,model_payoff,game-theorist,Tit4Tat,False,2.8,1.113608554385807,10000,0.01113608554385807,0.021826727665961818
OLMo2 7B,model_payoff,game-theorist,Tit4Tat,True,3.0,0.0,10000,0.0,0.0
OLMo2 13B,coop_prob,default,AlwaysCooperate,False,0.0,0.0,10000,0.0,0.0
OLMo2 13B,coop_prob,default,AlwaysCooperate,True,1.0,0.0,10000,0.0,0.0
OLMo2 13B,coop_prob,default,AlwaysDefect,False,0.0,0.0,10000,0.0,0.0
OLMo2 13B,coop_prob,default,AlwaysDefect,True,0.2926054771260919,0.19855059479530013,10000,0.001985505947953001,0.003891591657987882
OLMo2 13B,coop_prob,default,Tit4Tat,False,0.0,0.0,10000,0.0,0.0
OLMo2 13B,coop_prob,default,Tit4Tat,True,1.0,0.0,10000,0.0,0.0
OLMo2 13B,coop_prob,game-theorist,AlwaysCooperate,False,0.0,0.0,10000,0.0,0.0
OLMo2 13B,coop_prob,game-theorist,AlwaysCooperate,True,1.0,0.0,10000,0.0,0.0
OLMo2 13B,coop_prob,game-theorist,AlwaysDefect,False,0.0,0.0,10000,0.0,0.0
OLMo2 13B,coop_prob,game-theorist,AlwaysDefect,True,0.12728799219585524,0.18136717428747595,10000,0.0018136717428747595,0.0035547966160345288
OLMo2 13B,coop_prob,game-theorist,Tit4Tat,False,0.0,0.0,10000,0.0,0.0
OLMo2 13B,coop_prob,game-theorist,Tit4Tat,True,1.0,0.0,10000,0.0,0.0
OLMo2 13B,model_payoff,default,AlwaysCooperate,False,5.0,0.0,10000,0.0,0.0
OLMo2 13B,model_payoff,default,AlwaysCooperate,True,3.0,0.0,10000,0.0,0.0
OLMo2 13B,model_payoff,default,AlwaysDefect,False,1.0,0.0,10000,0.0,0.0
OLMo2 13B,model_payoff,default,AlwaysDefect,True,0.846,0.3609667986158433,10000,0.003609667986158433,0.007074949252870529
OLMo2 13B,model_payoff,default,Tit4Tat,False,1.04,0.39801487608399577,10000,0.003980148760839958,0.007801091571246318
OLMo2 13B,model_payoff,default,Tit4Tat,True,3.0,0.0,10000,0.0,0.0
OLMo2 13B,model_payoff,game-theorist,AlwaysCooperate,False,5.0,0.0,10000,0.0,0.0
OLMo2 13B,model_payoff,game-theorist,AlwaysCooperate,True,3.0,0.0,10000,0.0,0.0
OLMo2 13B,model_payoff,game-theorist,AlwaysDefect,False,1.0,0.0,10000,0.0,0.0
OLMo2 13B,model_payoff,game-theorist,AlwaysDefect,True,0.97,0.17059575109312938,10000,0.001705957510931294,0.003343676721425336
OLMo2 13B,model_payoff,game-theorist,Tit4Tat,False,1.04,0.39801487608399577,10000,0.003980148760839958,0.007801091571246318
OLMo2 13B,model_payoff,game-theorist,Tit4Tat,True,3.0,0.0,10000,0.0,0.0
OLMo2 32B,coop_prob,default,AlwaysCooperate,False,1.0,0.0,10000,0.0,0.0
OLMo2 32B,coop_prob,default,AlwaysCooperate,True,1.0,0.0,10000,0.0,0.0
OLMo2 32B,coop_prob,default,AlwaysDefect,False,0.09374755035279236,0.16313618284017042,10000,0.0016313618284017042,0.00319746918366734
OLMo2 32B,coop_prob,default,AlwaysDefect,True,0.09374755035279236,0.16313618284017042,10000,0.0016313618284017042,0.00319746918366734
OLMo2 32B,coop_prob,default,Tit4Tat,False,1.0,0.0,10000,0.0,0.0
OLMo2 32B,coop_prob,default,Tit4Tat,True,1.0,0.0,10000,0.0,0.0
OLMo2 32B,coop_prob,game-theorist,AlwaysCooperate,False,1.0,0.0,10000,0.0,0.0
OLMo2 32B,coop_prob,game-theorist,AlwaysCooperate,True,1.0,0.0,10000,0.0,0.0
OLMo2 32B,coop_prob,game-theorist,AlwaysDefect,False,0.09374755035279236,0.16313618284017042,10000,0.0016313618284017042,0.00319746918366734
OLMo2 32B,coop_prob,game-theorist,AlwaysDefect,True,0.051873775176396165,0.11687735658563607,10000,0.0011687735658563606,0.0022907961890784668
OLMo2 32B,coop_prob,game-theorist,Tit4Tat,False,1.0,0.0,10000,0.0,0.0
OLMo2 32B,coop_prob,game-theorist,Tit4Tat,True,1.0,0.0,10000,0.0,0.0
OLMo2 32B,model_payoff,default,AlwaysCooperate,False,3.0,0.0,10000,0.0,0.0
OLMo2 32B,model_payoff,default,AlwaysCooperate,True,3.0,0.0,10000,0.0,0.0
OLMo2 32B,model_payoff,default,AlwaysDefect,False,0.98,0.14000700052504383,10000,0.0014000700052504383,0.002744137210290859
OLMo2 32B,model_payoff,default,AlwaysDefect,True,0.98,0.14000700052504383,10000,0.0014000700052504383,0.002744137210290859
OLMo2 32B,model_payoff,default,Tit4Tat,False,3.0,0.0,10000,0.0,0.0
OLMo2 32B,model_payoff,default,Tit4Tat,True,3.0,0.0,10000,0.0,0.0
OLMo2 32B,model_payoff,game-theorist,AlwaysCooperate,False,3.0,0.0,10000,0.0,0.0
OLMo2 32B,model_payoff,game-theorist,AlwaysCooperate,True,3.0,0.0,10000,0.0,0.0
OLMo2 32B,model_payoff,game-theorist,AlwaysDefect,False,0.98,0.14000700052504383,10000,0.0014000700052504383,0.002744137210290859
OLMo2 32B,model_payoff,game-theorist,AlwaysDefect,True,0.99,0.09950371902099896,10000,0.0009950371902099895,0.0019502728928115795
OLMo2 32B,model_payoff,game-theorist,Tit4Tat,False,3.0,0.0,10000,0.0,0.0
OLMo2 32B,model_payoff,game-theorist,Tit4Tat,True,3.0,0.0,10000,0.0,0.0
