model_group,variant,heuristic,not_gamified,avg_recovery_time,n_recovery_events
"Small Models (Qwen 0.5B, OLMo 1B, Gemma 1B)",default,AlwaysCooperate,False,,0
"Small Models (Qwen 0.5B, OLMo 1B, Gemma 1B)",default,AlwaysCooperate,True,,0
"Small Models (Qwen 0.5B, OLMo 1B, Gemma 1B)",default,AlwaysDefect,False,1.0296000296000296,27027
"Small Models (Qwen 0.5B, OLMo 1B, Gemma 1B)",default,AlwaysDefect,True,3.4919226055631896,26927
"Small Models (Qwen 0.5B, OLMo 1B, Gemma 1B)",default,Tit4Tat,False,1.25,800
"Small Models (Qwen 0.5B, OLMo 1B, Gemma 1B)",default,Tit4Tat,True,2.7384615384615385,6500
"Small Models (Qwen 0.5B, OLMo 1B, Gemma 1B)",game-theorist,AlwaysCooperate,False,,0
"Small Models (Qwen 0.5B, OLMo 1B, Gemma 1B)",game-theorist,AlwaysCooperate,True,,0
"Small Models (Qwen 0.5B, OLMo 1B, Gemma 1B)",game-theorist,AlwaysDefect,False,2.8168510784862444,23227
"Small Models (Qwen 0.5B, OLMo 1B, Gemma 1B)",game-theorist,AlwaysDefect,True,1.0,17028
"Small Models (Qwen 0.5B, OLMo 1B, Gemma 1B)",game-theorist,Tit4Tat,False,7.686274509803922,5100
"Small Models (Qwen 0.5B, OLMo 1B, Gemma 1B)",game-theorist,Tit4Tat,True,,0
"Small-Medium Models (Qwen 7B, OLMo 7B, Gemma 4B)",default,AlwaysCooperate,False,,0
"Small-Medium Models (Qwen 7B, OLMo 7B, Gemma 4B)",default,AlwaysCooperate,True,,0
"Small-Medium Models (Qwen 7B, OLMo 7B, Gemma 4B)",default,AlwaysDefect,False,1.0,9965
"Small-Medium Models (Qwen 7B, OLMo 7B, Gemma 4B)",default,AlwaysDefect,True,1.9224531170805879,19730
"Small-Medium Models (Qwen 7B, OLMo 7B, Gemma 4B)",default,Tit4Tat,False,,0
"Small-Medium Models (Qwen 7B, OLMo 7B, Gemma 4B)",default,Tit4Tat,True,,0
"Small-Medium Models (Qwen 7B, OLMo 7B, Gemma 4B)",game-theorist,AlwaysCooperate,False,,0
"Small-Medium Models (Qwen 7B, OLMo 7B, Gemma 4B)",game-theorist,AlwaysCooperate,True,,0
"Small-Medium Models (Qwen 7B, OLMo 7B, Gemma 4B)",game-theorist,AlwaysDefect,False,9.113908275174477,20060
"Small-Medium Models (Qwen 7B, OLMo 7B, Gemma 4B)",game-theorist,AlwaysDefect,True,1.4772727272727273,13200
"Small-Medium Models (Qwen 7B, OLMo 7B, Gemma 4B)",game-theorist,Tit4Tat,False,15.121495327102803,10700
"Small-Medium Models (Qwen 7B, OLMo 7B, Gemma 4B)",game-theorist,Tit4Tat,True,,0
"Large-Medium Models (Qwen 14B, OLMo 13B, Gemma 12B)",default,AlwaysCooperate,False,,0
"Large-Medium Models (Qwen 14B, OLMo 13B, Gemma 12B)",default,AlwaysCooperate,True,,0
"Large-Medium Models (Qwen 14B, OLMo 13B, Gemma 12B)",default,AlwaysDefect,False,1.0,200
"Large-Medium Models (Qwen 14B, OLMo 13B, Gemma 12B)",default,AlwaysDefect,True,3.556060606060606,19800
"Large-Medium Models (Qwen 14B, OLMo 13B, Gemma 12B)",default,Tit4Tat,False,,0
"Large-Medium Models (Qwen 14B, OLMo 13B, Gemma 12B)",default,Tit4Tat,True,,0
"Large-Medium Models (Qwen 14B, OLMo 13B, Gemma 12B)",game-theorist,AlwaysCooperate,False,,0
"Large-Medium Models (Qwen 14B, OLMo 13B, Gemma 12B)",game-theorist,AlwaysCooperate,True,,0
"Large-Medium Models (Qwen 14B, OLMo 13B, Gemma 12B)",game-theorist,AlwaysDefect,False,1.0,304
"Large-Medium Models (Qwen 14B, OLMo 13B, Gemma 12B)",game-theorist,AlwaysDefect,True,1.0098039215686274,10200
"Large-Medium Models (Qwen 14B, OLMo 13B, Gemma 12B)",game-theorist,Tit4Tat,False,,0
"Large-Medium Models (Qwen 14B, OLMo 13B, Gemma 12B)",game-theorist,Tit4Tat,True,,0
"Large Models (Qwen 32B, OLMo 32B, Gemma 27B)",default,AlwaysCooperate,False,,0
"Large Models (Qwen 32B, OLMo 32B, Gemma 27B)",default,AlwaysCooperate,True,,0
"Large Models (Qwen 32B, OLMo 32B, Gemma 27B)",default,AlwaysDefect,False,1.0,100
"Large Models (Qwen 32B, OLMo 32B, Gemma 27B)",default,AlwaysDefect,True,4.956616052060737,1383
"Large Models (Qwen 32B, OLMo 32B, Gemma 27B)",default,Tit4Tat,False,,0
"Large Models (Qwen 32B, OLMo 32B, Gemma 27B)",default,Tit4Tat,True,,0
"Large Models (Qwen 32B, OLMo 32B, Gemma 27B)",game-theorist,AlwaysCooperate,False,,0
"Large Models (Qwen 32B, OLMo 32B, Gemma 27B)",game-theorist,AlwaysCooperate,True,,0
"Large Models (Qwen 32B, OLMo 32B, Gemma 27B)",game-theorist,AlwaysDefect,False,1.0,100
"Large Models (Qwen 32B, OLMo 32B, Gemma 27B)",game-theorist,AlwaysDefect,True,,0
"Large Models (Qwen 32B, OLMo 32B, Gemma 27B)",game-theorist,Tit4Tat,False,,0
"Large Models (Qwen 32B, OLMo 32B, Gemma 27B)",game-theorist,Tit4Tat,True,,0
